cleavage_window,uniprot_acc,mernum
KQPRCGVP,P03956,MER0000383
RQKRFVLS,P24347,MER0000383
KQPRCGVP,P03956,MER0000377
RQKRFVLS,P24347,MER0000377
KQPRCGVP,P03956,MER0002984
KQPRCGVP,P03956,MER0000381
RQKRFVLS,P24347,MER0000381
KQPRCGVP,P03956,MER0002578
RQKRFVLS,P24347,MER0002578
RVKRRADP,P78536,MER0000383
RVKRRADP,P78536,MER0000377
RVKRRADP,P78536,MER0002984
RVKRRADP,P78536,MER0000381
RVKRRADP,P78536,MER0002578
RMKREDLN,Q9H013,MER0000383
RMKREDLN,Q9H013,MER0000377
RMKREDLN,Q9H013,MER0002984
RMKREDLN,Q9H013,MER0000381
RMKREDLN,Q9H013,MER0002578
RTVVKFPT,P07359,MER0000375
RHKRFAGV,P69353,MER0000383
RHKRFAGV,P69353,MER0000375
KKPRCGVP,P22894,MER0000383
RHKRFAGV,P69353,MER0000377
KKPRCGVP,P22894,MER0002984
RHKRFAGV,P69353,MER0002984
KKPRCGVP,P22894,MER0000381
RHKRFAGV,P69353,MER0000381
KKPRCGVP,P22894,MER0002578
RHKRFAGV,P69353,MER0002578
RKKRGLFG,O56140,MER0000383
RKKRGLFG,O56140,MER0000375
RKKRGLFG,O56140,MER0000377
RKKRGLFG,O56140,MER0002984
RKKRGLFG,O56140,MER0000381
RKKRGLFG,O56140,MER0002578
KTNVKAAW,P69905,MER0000964
AAWGKVGA,P69905,MER0000964
KTNVKAAW,P69905,MER0000964
GKVGAHAG,P69905,MER0000964
PLFKSATT,P05107,MER0000964
FKSATTTV,P05107,MER0000964
TTVMNPKF,P05107,MER0000964
TVAEKTKE,P37840,MER0000964
KTKEQVTN,P37840,MER0000964
PLFKSATT,P05107,MER0000964
TVAEKTKE,P37840,MER0000964
RKKREITE,P23229,MER0000375
RKKREITE,P23229,MER0000383
RKKREITE,P23229,MER0000377
RKKREITE,P23229,MER0002984
RKKREITE,P23229,MER0000381
RKKREITE,P23229,MER0002578
RPRHQGVM,P60709,MER0000964
RHQGVMVG,P60709,MER0000964
RPRHQGVM,P60709,MER0000964
REKRGLFG,P03459,MER0000375
VFRRDAHK,P02768,MER0000383
VFRRDAHK,P02768,MER0002984
VFRRDAHK,P02768,MER0000381
VFRRDAHK,P02768,MER0002578
RKRRSVNP,P05408,MER0000383
RKRRSVNP,P05408,MER0000377
RKRRSVNP,P05408,MER0002984
RKRRSVNP,P05408,MER0000381
RKRRSVNP,P05408,MER0002578
RHKRETLK,O43184,MER0000375
RHKRETLK,O43184,MER0000383
RHKRETLK,O43184,MER0002984
RHKRETLK,O43184,MER0000381
RHKRETLK,O43184,MER0002578
DLLTSPDV,P05412,MER0000964
GLLKLASP,P05412,MER0000964
DLLTSPDV,P05412,MER0000964
LTSPDVGL,P05412,MER0000964
PDVGLLKL,P05412,MER0000964
LRGGGGLR,Q15843,MER0002984
TNPGPFMF,P03304,MER0000383
KSARSVRA,P05019,MER0000383
KSARSVRA,P05019,MER0000375
RAPRSPKM,P16860,MER0000383
KSARSVRA,P05019,MER0000377
RAPRSPKM,P16860,MER0000377
KSARSVRA,P05019,MER0002984
RAPRSPKM,P16860,MER0002984
KSARSVRA,P05019,MER0000381
RAPRSPKM,P16860,MER0000381
KSARSVRA,P05019,MER0002578
RAPRSPKM,P16860,MER0002578
KSERDVST,P01344,MER0000383
KSERDVST,P01344,MER0000375
KSERDVST,P01344,MER0000377
KSERDVST,P01344,MER0002984
KSERDVST,P01344,MER0000381
KSERDVST,P01344,MER0002578
RTKRSTDG,P13201,MER0000383
RTKRSTDG,P13201,MER0000375
RTKRSTDG,P13201,MER0000377
RTKRSTDG,P13201,MER0002984
RTKRSTDG,P13201,MER0000381
RTKRSTDG,P13201,MER0002578
HWSYGLRP,P13562,MER0000964
SYGLRPGG,P13562,MER0000964
HWSYGLRP,P13562,MER0000964
WSYGLRPG,P13562,MER0000964
RSSNIRTS,Q63041,MER0000383
ISKRSTEE,P13612,MER0000375
ISKRSTEE,P13612,MER0000383
ISKRSTEE,P13612,MER0000377
ISKRSTEE,P13612,MER0002984
ISKRSTEE,P13612,MER0000381
RNKRNSKM,Q9Y5X9,MER0000375
RNKRNSKM,Q9Y5X9,MER0000375
RNKRNSKM,Q9Y5X9,MER0000383
DVGEYNVF,P45452,MER0000375
RKRRAVLT,O75888,MER0000383
RKRRAVLT,O75888,MER0000377
RKRRAVLT,O75888,MER0002984
RKRRAVLT,O75888,MER0000381
RKRRAVLT,O75888,MER0002578
FMPNLVPP,P50752,MER0000964
FMPNLVPP,P50752,MER0000964
VTKRSLSP,P09958,MER0004695
RLQREPQV,P09958,MER0004695
RTRRQDIR,O08665,MER0000375
VTKRSLSP,P09958,MER0000381
RSARSPPG,P10163,MER0000375
VTKRSLSP,P09958,MER0000375
RTKRDVYQ,P09958,MER0000383
VTKRSLSP,P09958,MER0000377
RTKRDVYQ,P09958,MER0000377
VTKRSLSP,P09958,MER0002984
RTKRDVYQ,P09958,MER0002984
VTKRSLSP,P09958,MER0000381
RTKRDVYQ,P09958,MER0000381
VTKRSLSP,P09958,MER0002578
RTKRDVYQ,P09958,MER0002578
PVVHFFKN,P02686,MER0000964
NIVTPRTP,P02686,MER0000964
VTPRTPPP,P02686,MER0000964
PVVHFFKN,P02686,MER0000964
VTPRTPPP,P02686,MER0000964
LIKRHEAF,P11277,MER0000964
KSTASWAE,P11277,MER0000964
AERFAALE,P11277,MER0000964
AFEKSTAS,P11277,MER0000964
KSTASWAE,P11277,MER0000964
RRKRSIEE,P04085,MER0000383
RAKRSPKH,P12644,MER0000383
RRKRSIEE,P04085,MER0000377
RAKRSPKH,P12644,MER0000377
RRKRSIEE,P04085,MER0002984
RAKRSPKH,P12644,MER0002984
RRKRSIEE,P04085,MER0000381
RRKRSIEE,P04085,MER0002578
RAKRSPKH,P12644,MER0002578
RVRRSVGS,P00587,MER0000383
RVRRSVGS,P00587,MER0000375
RVRRSVGS,P00587,MER0000377
RVRRSVGS,P00587,MER0002984
RVRRSVGS,P00587,MER0000381
RVRRSVGS,P00587,MER0002578
RKSKVDLD,Q9GZP0,MER0000383
RKSKVDLD,Q9GZP0,MER0000375
RKSKVDLD,Q9GZP0,MER0000377
RKSKVDLD,Q9GZP0,MER0002984
RKSKVDLD,Q9GZP0,MER0000381
RKSKVDLD,Q9GZP0,MER0002578
GQDEEAVK,P09874,MER0000964
NPGTKSKL,P09874,MER0000964
GQDEEAVK,P09874,MER0000964
NPGTKSKL,P09874,MER0000964
ENLLRKGR,Q13319,MER0000964
LRKGRDPP,Q13319,MER0000964
KQLRVVNG,P14210,MER0000375
RETRYVEL,P78325,MER0000383
RETRYVEL,P78325,MER0000375
KQLRVVNG,P14210,MER0000383
RETRYVEL,P78325,MER0000377
KQLRVVNG,P14210,MER0002984
RETRYVEL,P78325,MER0002984
KQLRVVNG,P14210,MER0000381
RETRYVEL,P78325,MER0000381
KQLRVVNG,P14210,MER0002578
RETRYVEL,P78325,MER0002578
RNRRHVTE,P21754,MER0000383
RNRRHVTE,P21754,MER0000377
RNRRHVTE,P21754,MER0002984
RNRRHVTE,P21754,MER0000381
RNRRHVTE,P21754,MER0002578
DTERKRRH,Q8WXS8,MER0000375
RSSRLLAG,Q9H324,MER0000375
GLKRSVSR,Q9H324,MER0000375
RKRREAGS,Q9WU39,MER0000375
ERAKIGQG,P68404,MER0000964
KIGQGTKA,P68404,MER0000964
GQGTKAPE,P68404,MER0000964
PEEKTANT,P68404,MER0000964
GQGTKAPE,P68404,MER0000964
PEEKSAVT,P68871,MER0000964
AVTALWGK,P68871,MER0000964
PEEKSAVT,P68871,MER0000964
HLDNLKGT,P68871,MER0000964
KTRREAED,P01308,MER0000377
LQKRGIVE,P01308,MER0000377
PSQTRAPH,P01101,MER0000964
YGLPTQSA,P01101,MER0000964
PSQTRAPH,P01101,MER0000964
NMTYGTSP,P16259,MER0000964
ISLMKRPP,P01042,MER0000964
SPMSQTLP,P49418,MER0000964
TDLVQPAS,P49418,MER0000964
DLGMDTRA,P49418,MER0000964
AAVGTLVS,P49418,MER0000964
QPEAEELE,P49418,MER0000964
EELEATVP,P49418,MER0000964
PIQDPQPT,P49418,MER0000964
ADQLASAR,P49418,MER0000964
PLYKSAIT,P26010,MER0000964
DSNPLYKS,P26010,MER0000964
PLYKSAIT,P26010,MER0000964
RQKRSVAL,P29990,MER0000383
KSRREVED,P01322,MER0000377
RQKRGIVD,P01322,MER0000377
RQKRGIVD,P01322,MER0000377
RQKRSVAL,P29990,MER0000375
RDRRQIFL,P08514,MER0000383
RQKRSVAL,P29990,MER0000377
RDRRQIFL,P08514,MER0002984
RQKRSVAL,P29990,MER0002984
RDRRQIFL,P08514,MER0000381
RQKRSVAL,P29990,MER0000381
RDRRQIFL,P08514,MER0002578
RQKRSVAL,P29990,MER0002578
NALQFQKN,Q00959,MER0000964
LQFQKNKL,Q00959,MER0000964
NKLRINRQ,Q00959,MER0000964
GSLFSVPS,Q00959,MER0000964
NALQFQKN,Q00959,MER0000964
RHRRALDT,P01137,MER0000375
RHRRALDT,P01137,MER0000383
RHRRALDT,P01137,MER0000377
RHRRALDT,P01137,MER0002984
RHRRALDT,P01137,MER0000381
RHRRALDT,P01137,MER0002578
KELQEIRL,P25963,MER0000964
QEIRLEPQ,P25963,MER0000964
TQIRVVKA,Q01814,MER0000964
QEIRLEPQ,P25963,MER0000964
NRIQTQIR,Q01814,MER0000964
QEIRLEPQ,P25963,MER0000964
LQTDGSQA,P70444,MER0000964
MKTGALLL,Q07812,MER0000964
LLLQGFIQ,Q07812,MER0000964
IQDRAGRM,Q07812,MER0000964
LLLQGFIQ,Q07812,MER0000964
IQDRAGRM,Q07812,MER0000964
DMVDSPQL,P10636,MER0000375
RPRRAKRF,O75173,MER0002984
RAKRFASL,O75173,MER0000383
RAKRFASL,O75173,MER0000377
RAKRFASL,O75173,MER0002984
RAKRFASL,O75173,MER0000381
RAKRFASL,O75173,MER0002578
LENLTPVV,P55211,MER0000964
RKPEVLRP,P55211,MER0000964
KPEVLRPE,P55211,MER0000964
RSKRSSSH,P01138,MER0000383
RSKRSSSH,P01138,MER0000375
RHRRQIDR,Q07954,MER0000383
RSKRSSSH,P01138,MER0000377
RHRRQIDR,Q07954,MER0000377
RSKRSSSH,P01138,MER0002984
RHRRQIDR,Q07954,MER0002984
RSKRSSSH,P01138,MER0000381
RHRRQIDR,Q07954,MER0000381
RSKRSSSH,P01138,MER0002578
RHRRQIDR,Q07954,MER0002578
DQVDNNTN,Q24306,MER0000375
GEARGSVI,P16112,MER0000375
SFLSNVKY,P01583,MER0000964
LSNVKYNF,P01583,MER0000964
EIIKPRSA,P01583,MER0000964
SFLSNVKY,P01583,MER0000964
FWKTFTSC,P61278,MER0000964
CKIKTERA,O08736,MER0000964
ATADTDEE,O08736,MER0000964
RKKRSTKK,P08581,MER0000383
RKKRSTKK,P08581,MER0000375
RKKRSTKK,P08581,MER0000377
RKKRSTKK,P08581,MER0002984
RKKRSTKK,P08581,MER0000381
RKKRSTKK,P08581,MER0002578
RRLLQERE,P00533,MER0000964
RRLLQERE,P00533,MER0000964
RLLQEREL,P00533,MER0000964
IEADFRLN,P11387,MER0002984
RKRRSVNP,P12961,MER0000375
RKRRSLGD,P06213,MER0000383
RKRRSLGD,P06213,MER0000377
RKRRSLGD,P06213,MER0002984
RKRRSLGD,P06213,MER0000381
RKRRSLGD,P06213,MER0002578
ATVLMTED,Q04637,MER0000375
RARRAAPV,O95450,MER0000383
RARRHAAD,O95450,MER0000383
VKKRSVSE,P01270,MER0000375
ITKRDLAL,P06756,MER0000383
RARRAAPV,O95450,MER0000375
VKKRSVSE,P01270,MER0000383
ITKRDLAL,P06756,MER0000375
RARRAAPV,O95450,MER0000377
RARRHAAD,O95450,MER0000375
VKKRSVSE,P01270,MER0000377
ITKRDLAL,P06756,MER0000377
RARRAAPV,O95450,MER0002984
RARRHAAD,O95450,MER0002984
VKKRSVSE,P01270,MER0002578
ITKRDLAL,P06756,MER0002984
RARRAAPV,O95450,MER0000381
RARRHAAD,O95450,MER0000381
VKKRSVSE,P01270,MER0000381
ITKRDLAL,P06756,MER0000381
RARRAAPV,O95450,MER0002578
RARRHAAD,O95450,MER0002578
ITKRDLAL,P06756,MER0002578
RGKRFSQS,O00292,MER0000383
RQKRSINL,O60494,MER0000375
RLPRETDE,P56817,MER0000377
RGKRFSQS,O00292,MER0000375
RQKRSINL,O60494,MER0000383
RLPRETDE,P56817,MER0000375
RGKRFSQS,O00292,MER0000377
RQKRSINL,O60494,MER0000377
RLPRETDE,P56817,MER0000377
RGKRFSQS,O00292,MER0002984
RQKRSINL,O60494,MER0002984
RLPRETDE,P56817,MER0002984
RGKRFSQS,O00292,MER0000381
RQKRSINL,O60494,MER0000381
RLPRETDE,P56817,MER0000381
RGKRFSQS,O00292,MER0002578
RQKRSINL,O60494,MER0002578
GALLVLQL,P31695,MER0000964
RKPRCGNP,P08253,MER0000375
RKKRDIYT,P29119,MER0000375
FWHRAVTK,Q28193,MER0000964
RKPRCGNP,P08253,MER0000383
RKPRCGNP,P08253,MER0000377
RKPRCGNP,P08253,MER0002984
RKPRCGNP,P08253,MER0000381
RKPRCGNP,P08253,MER0002578
RVARDITM,Q9R1Q9,MER0000375
RRRRSMDP,Q9UKP5,MER0000375
RRKRSAAL,Q92673,MER0000383
RRKRSAAL,Q92673,MER0000377
RRKRSAAL,Q92673,MER0002984
RRKRSAAL,Q92673,MER0000381
RRKRSAAL,Q92673,MER0002578
ILKRQLYE,P20068,MER0000377
ILKRASYY,P20068,MER0000377
RSRRSPRA,Q8N119,MER0002984
RRRRYALS,Q9NPA2,MER0000383
RSRRSPRA,Q8N119,MER0000375
RRRRYALS,Q9NPA2,MER0000375
RSRRSPRA,Q8N119,MER0000377
RSRRSPRA,Q8N119,MER0002984
RSRRSPRA,Q8N119,MER0000381
RSRRSPRA,Q8N119,MER0002578
AMMTQPPA,P11716,MER0000964
KKTRKISQ,P11716,MER0000964
KISQTAQT,P11716,MER0000964
SQTAQTYD,P11716,MER0000964
WSYGLRPG,P01148,MER0000964
AMMTQPPA,P11716,MER0000964
KKTRKISQ,P11716,MER0000964
SQTAQTYD,P11716,MER0000964
WMDFGRRS,P06307,MER0000964
PVKATAPE,O77788,MER0000964
LKEEEGEK,O77788,MER0000964
PVYCTGVS,P07384,MER0000964
CTGVSAQV,P07384,MER0000964
AQVQKQRA,P07384,MER0000964
RELGLGRH,P07384,MER0000964
EVVAAKKS,O77788,MER0000964
PVKATAPE,O77788,MER0000964
PVYCTGVS,P07384,MER0000964
CTGVSAQV,P07384,MER0000964
AQVQKQRA,P07384,MER0000964
RELGLGRH,P07384,MER0000964
LGLGRHEN,P07384,MER0000964
RTVREAPS,Q8K4G2,MER0000375
RTRRQDIR,Q14563,MER0000383
RRRRYSLS,Q3U435,MER0000377
RRKRYAEH,P20783,MER0000383
RTRRQDIR,Q14563,MER0000375
RRRRYSLS,Q3U435,MER0000375
RRKRYAEH,P20783,MER0000377
RTRRQDIR,Q14563,MER0000377
RTRRQDIR,Q14563,MER0002984
RRKRYAEH,P20783,MER0000381
RTRRQDIR,Q14563,MER0000381
RRKRYAEH,P20783,MER0002578
RTRRQDIR,Q14563,MER0002578
PKLTAPKI,P45378,MER0000964
PKLTAPKI,P45378,MER0000964
APKIPEGE,P45378,MER0000964
RKKRTTSA,O14672,MER0000375
RVLRKRDV,Q68SA9,MER0000375
RKKRTTSA,O14672,MER0000383
RKKRTTSA,O14672,MER0000377
RKKRTTSA,O14672,MER0002578
RKKRTTSA,O14672,MER0000381
RNKRAVQG,Q9Y275,MER0000383
RNKRAVQG,Q9Y275,MER0000375
RNKRAVQG,Q9Y275,MER0000377
RNKRAVQG,Q9Y275,MER0002984
RNKRAVQG,Q9Y275,MER0000381
RNKRAVQG,Q9Y275,MER0002578
LRKRDVSV,Q9UKP4,MER0000375
RELRFNLT,Q9UKP4,MER0000375
RRERWEQR,Q9UKP4,MER0000375
RRPRLRRL,Q9UKP4,MER0000375
RLRRLHQR,Q9UKP4,MER0000375
LHQRSVSK,Q9UKP4,MER0000375
QETFSDLW,P04637,MER0000964
DLWKLLPE,P04637,MER0000964
PENNVLSP,P04637,MER0000964
QETFSDLW,P04637,MER0000964
PENNVLSP,P04637,MER0000964
DRVYIHPF,P01015,MER0000964
HPFHLLYY,P01015,MER0000964
HLLYYSKS,P01015,MER0000964
PPGAYPGA,P17931,MER0000375
RLKRAVSE,P12272,MER0000383
RLKRAVSE,P12272,MER0000375
RLKRAVSE,P12272,MER0000377
RLKRAVSE,P12272,MER0002984
RLKRAVSE,P12272,MER0000381
RLKRAVSE,P12272,MER0002578
LILQLCIG,P35240,MER0000964
AQDFVQWL,P01275,MER0000964
QWLMNTKR,P01275,MER0000964
LMNTKRNR,P01275,MER0000964
KIQASFRG,P17677,MER0000964
QASFRGHI,P17677,MER0000964
GHITRKKL,P17677,MER0000964
QWLMNTKR,P01275,MER0000964
LMNTKRNR,P01275,MER0000964
KIQASFRG,P17677,MER0000964
GHITRKKL,P17677,MER0000964
NTKRNRNN,P01275,MER0000377
NTKRNRNN,P01275,MER0000377
IAKRHDEF,P01275,MER0000377
HLKRDTED,P04070,MER0000375
RVRRHSDP,P23560,MER0000383
RQKRSVEN,Q16819,MER0000383
HLKRDTED,P04070,MER0000383
RVRRHSDP,P23560,MER0000375
RQKRSVEN,Q16819,MER0000375
HLKRDTED,P04070,MER0000377
RVRRHSDP,P23560,MER0000377
RQKRSVEN,Q16819,MER0000377
HLKRDTED,P04070,MER0002984
RVRRHSDP,P23560,MER0002984
RQKRSVEN,Q16819,MER0002984
HLKRDTED,P04070,MER0000381
RVRRHSDP,P23560,MER0000381
RQKRSVEN,Q16819,MER0000381
HLKRDTED,P04070,MER0002578
RVRRHSDP,P23560,MER0002578
RQKRSVEN,Q16819,MER0002578
LPLRMEEP,Q02440,MER0000964
LPLRMEEP,Q02440,MER0000964
PLRMEEPS,Q02440,MER0000964
RGRRSLGS,P01127,MER0000383
RGRRSLGS,P01127,MER0000377
RGRRSLGS,P01127,MER0002984
RGRRSLGS,P01127,MER0000375
RGRRSLGS,P01127,MER0002578
LCVRQHAR,Q16849,MER0000964
RQQDKERL,Q16849,MER0000964
SSVSSQFS,Q16849,MER0000964
VSSQFSDA,Q16849,MER0000964
FGLMGKRD,P20366,MER0000964
RQQDKERL,Q16849,MER0000964
ERLAALGP,Q16849,MER0000964
SSVSSQFS,Q16849,MER0000964
VSSQFSDA,Q16849,MER0000964
FVAPFPEV,P02662,MER0000375
MGPSSSPI,P05129,MER0000964
SSSPIPSP,P05129,MER0000964
MGPSSSPI,P05129,MER0000964
RFRRSITE,P11223,MER0000383
RSRRGVSE,P34130,MER0002984
RFRRSITE,P11223,MER0000375
RSRRGVSE,P34130,MER0000375
RFRRSITE,P11223,MER0000377
RSRRGVSE,P34130,MER0000377
RFRRSITE,P11223,MER0002984
RSRRGVSE,P34130,MER0002984
RFRRSITE,P11223,MER0000381
RSRRGVSE,P34130,MER0000381
RFRRSITE,P11223,MER0002578
RSRRGVSE,P34130,MER0002578
RVAEMRGE,P14780,MER0000375
LKSISERL,P30301,MER0000964
YILKRQLY,P30990,MER0000964
RQLYENKP,P30990,MER0000964
GSDTIKPN,P32119,MER0000964
LKSISERL,P30301,MER0000964
ERLSVLKG,P30301,MER0000964
YILKRQLY,P30990,MER0000964
RQLYENKP,P30990,MER0000964
FHIRRKRY,P51512,MER0000375
VKMDAEFR,P05067,MER0000375
HHQKLVFF,P05067,MER0000383
VFRREAHK,P02770,MER0000375
NSFGLRFG,Q15726,MER0000377
SALSSSRP,P53618,MER0000964
SALSSSRP,P53618,MER0000964
LSTFAQPP,Q15078,MER0000383
LVEALYLV,P01317,MER0000377
HLVEALYL,P01317,MER0000375
VQNNDSTE,P00711,MER0000964
VTTREQIL,P11532,MER0000964
RAGRSKGT,P49000,MER0000375
YQKTVPVE,Q14247,MER0000964
SKTSNIRA,Q14247,MER0000964
AYQKTVPV,Q14247,MER0000375
YQKTVPVE,Q14247,MER0000964
QKTVPVEA,Q14247,MER0000964
SKTSNIRA,Q14247,MER0000964
TVLQQQYN,Q9Y490,MER0000964
TVLQQQYN,Q9Y490,MER0000964
AALQARRG,P61586,MER0000964
LQARRGKK,P61586,MER0000964
AALQARRG,P61586,MER0000964
LQARRGKK,P61586,MER0000964
QEKREIGD,P14200,MER0000377
IGRRDFDM,P14200,MER0000375
TQEKREIG,P14200,MER0000375
YGKRHKED,P01298,MER0000383
RRRRQLDP,P26006,MER0000375
YGKRHKED,P01298,MER0000375
RKKRSTSA,P13423,MER0002984
RRRRQLDP,P26006,MER0000383
YGKRHKED,P01298,MER0000377
RKKRSTSA,P13423,MER0000377
RRRRQLDP,P26006,MER0000377
YGKRHKED,P01298,MER0002984
RKKRSTSA,P13423,MER0002984
RRRRQLDP,P26006,MER0002984
YGKRHKED,P01298,MER0000381
RKKRSTSA,P13423,MER0000381
RRRRQLDP,P26006,MER0000381
YGKRHKED,P01298,MER0002578
RKKRSTSA,P13423,MER0002578
RRRRQLDP,P26006,MER0002578
PLSHRSKR,P04275,MER0000964
SRLGRIEA,P55957,MER0000964
RSKRSLSC,P04275,MER0000383
RSKRSLSC,P04275,MER0000377
RSKRSLSC,P04275,MER0000377
RSKRSLSC,P04275,MER0000381
RSKRSLSC,P04275,MER0002578
HHRRQLGP,P01350,MER0000383
RQRRGAGA,P58459,MER0000375
HHRRQLGP,P01350,MER0000375
HHRRQLGP,P01350,MER0000377
HHRRQLGP,P01350,MER0002984
HHRRQLGP,P01350,MER0000381
HHRRQLGP,P01350,MER0002578
RSKRSVID,P03316,MER0000383
RSKRSVID,P03316,MER0000375
RRRRELDP,P46531,MER0000383
RNKRSKSN,Q92838,MER0000383
RSKRSVID,P03316,MER0000377
RRRRELDP,P46531,MER0000377
RNKRSKSN,Q92838,MER0000377
RSKRSVID,P03316,MER0002984
RRRRELDP,P46531,MER0002984
RNKRSKSN,Q92838,MER0002984
RSKRSVID,P03316,MER0000381
RRRRELDP,P46531,MER0000381
RNKRSKSN,Q92838,MER0000381
RSKRSVID,P03316,MER0002578
RRRRELDP,P46531,MER0002578
RNKRSKSN,Q92838,MER0002578
KKLTQSKF,P24593,MER0000964
HRELVHPD,P55273,MER0000964
GSTAIALE,P55273,MER0000964
LELLKQGA,P55273,MER0000964
LLKQGASP,P55273,MER0000964
KQGASPNV,P55273,MER0000964
ASPNVQDT,P55273,MER0000964
QDTSGTSP,P55273,MER0000964
KKLTQSKF,P24593,MER0000964
KLTQSKFV,P24593,MER0000964
HRELVHPD,P55273,MER0000964
HPDALNRF,P55273,MER0000964
GSTAIALE,P55273,MER0000964
LELLKQGA,P55273,MER0000964
LLKQGASP,P55273,MER0000964
KQGASPNV,P55273,MER0000964
ASPNVQDT,P55273,MER0000964
VRKRDVHV,P53708,MER0000383
VRKRDVHV,P53708,MER0002984
VRKRDVHV,P53708,MER0000381
VRKRDVHV,P53708,MER0002578
PERRFLWK,P01150,MER0000377
QEVYGMMP,Q13813,MER0000964
QEVYGMMP,Q13813,MER0000964
TDVRAAVY,P02751,MER0000375
RRRRHAGE,O15072,MER0000383
RRRRHAGE,O15072,MER0000375
RRRRHAGE,O15072,MER0002984
RRRRHAGE,O15072,MER0000381
RRRRHAGE,O15072,MER0002578
RQPRGWEQ,P11439,MER0000375
RQPRGWEQ,P11439,MER0000383
RQPRGWEQ,P11439,MER0000377
RQPRGWEQ,P11439,MER0002984
RQPRGWEQ,P11439,MER0000381
RQPRGWEQ,P11439,MER0002578
EYVQTVKS,P04083,MER0000964
TVKSSKGG,P04083,MER0000964
QTVKSSKG,P04083,MER0000964
TVKSSKGG,P04083,MER0000964
RHTRSAED,Q9GZV9,MER0000383
RKSRVVDL,Q9NRA1,MER0000381
RHTRSAED,Q9GZV9,MER0000375
RHTRSAED,Q9GZV9,MER0000377
RKSRVVDL,Q9NRA1,MER0000375
RHTRSAED,Q9GZV9,MER0002984
RKSRVVDL,Q9NRA1,MER0002984
RHTRSAED,Q9GZV9,MER0000381
RKSRVVDL,Q9NRA1,MER0000381
RHTRSAED,Q9GZV9,MER0002578
RKSRVVDL,Q9NRA1,MER0002578
RRKRDLDG,P58397,MER0000375
LSRRSISK,P58397,MER0000375
SKPDLTAA,P08670,MER0000964
PDLTAALR,P08670,MER0000964
AALRDVRQ,P08670,MER0000964
PPSAASAP,P18493,MER0000964
AASAPAAV,P18493,MER0000964
PPDKPLSN,P18493,MER0000964
KPLSNMKI,P18493,MER0000964
SKPDLTAA,P08670,MER0000964
PDLTAALR,P08670,MER0000964
AALRDVRQ,P08670,MER0000964
AASAPAAV,P18493,MER0000964
QQKREAPS,P08648,MER0000383
QQKREAPS,P08648,MER0000375
QQKREAPS,P08648,MER0000377
QQKREAPS,P08648,MER0002984
QQKREAPS,P08648,MER0000381
QQKREAPS,P08648,MER0002578
QALHSQPA,Q9NQ66,MER0000964
LHSQPAPG,Q9NQ66,MER0000964
GSVKAPAK,Q9NQ66,MER0000964
QALHSQPA,Q9NQ66,MER0000964
LHSQPAPG,Q9NQ66,MER0000964
GSVKAPAK,Q9NQ66,MER0000964
FMKKDAEE,P01210,MER0000383
GLKRSPQL,P01210,MER0000383
FLKRFAEA,P01210,MER0000383
GLKRSPQL,P01210,MER0000377
FLKRFAEA,P01210,MER0000377
FMKKDAEE,P01210,MER0000375
GLKRSPQL,P01210,MER0000375
FMKKDAEE,P01210,MER0000377
GLKRSPQL,P01210,MER0000377
FMKKDAEE,P01210,MER0002984
GLKRSPQL,P01210,MER0002984
FMKKDAEE,P01210,MER0000381
GLKRSPQL,P01210,MER0000381
FMKKDAEE,P01210,MER0002578
GLKRSPQL,P01210,MER0002578
SYQLLKAY,P62552,MER0000375
RSRRSLTV,P06935,MER0000383
RSRRSLTV,P06935,MER0000377
RSRRSLTV,P06935,MER0002984
RSRRSLTV,P06935,MER0000381
RSRRSLTV,P06935,MER0002578
RKRRSTNE,P35555,MER0000375
RKRRSTNE,P35555,MER0002984
RKRRSTNE,P35555,MER0000377
RKRRSTNE,P35555,MER0002984
RKRRSTNE,P35555,MER0000381
RKRRSTNE,P35555,MER0002578
VSARMAPE,P05121,MER0004695
GGKMKVNG,P22692,MER0000964
MKVNGAPR,P22692,MER0000964
GGKMKVNG,P22692,MER0000964
MKVNGAPR,P22692,MER0000964
RQRRAAGG,Q76LX8,MER0000383
RQRRAAGG,Q76LX8,MER0000383
RQRRAAGG,Q76LX8,MER0000375
RQRRAAGG,Q76LX8,MER0002984
RQRRAAGG,Q76LX8,MER0000381
RQRRAAGG,Q76LX8,MER0002578
RKRRAPLA,P43026,MER0000375
KFEKAKLG,P17252,MER0000964
PAGNKVIS,P17252,MER0000964
KFEKAKLG,P17252,MER0000964
KKRRPVKV,P01189,MER0000383
EFKRELTG,P01189,MER0000375
KDKRYGGF,P01189,MER0000383
KKRRPVKV,P01189,MER0000375
EFKRELTG,P01189,MER0000375
KDKRYGGF,P01189,MER0000375
KKRRPVKV,P01189,MER0000377
EFKRELTG,P01189,MER0000377
KDKRYGGF,P01189,MER0000377
KKRRPVKV,P01189,MER0002984
EFKRELTG,P01189,MER0002984
KDKRYGGF,P01189,MER0002984
KKRRPVKV,P01189,MER0000381
EFKRELTG,P01189,MER0000381
KDKRYGGF,P01189,MER0000381
KKRRPVKV,P01189,MER0002578
EFKRELTG,P01189,MER0002578
KDKRYGGF,P01189,MER0002578
RNKRYALT,Q9Y5R2,MER0000383
RNKRYALT,Q9Y5R2,MER0000375
RNKRYALT,Q9Y5R2,MER0000377
RNKRYALT,Q9Y5R2,MER0002984
RNKRYALT,Q9Y5R2,MER0000381
RNKRYALT,Q9Y5R2,MER0002578
IIRRSIQI,O43915,MER0000375
WERRPFSE,P16014,MER0000377
IIRRSIQI,O43915,MER0002578
IIRRSIQI,O43915,MER0002578
MNAKWDTG,P05556,MER0000964
RVRRSVGS,P00588,MER0000375
ITLLSALV,P01011,MER0000377
FWHRAVTK,P23188,MER0000375
RAKRDVYQ,P23188,MER0000375
RKVRDLQE,Q99075,MER0000383
RKVRDLQE,Q99075,MER0000375
RKVRDLQE,Q99075,MER0000377
RKVRDLQE,Q99075,MER0002984
RKVRDLQE,Q99075,MER0000381
RKVRDLQE,Q99075,MER0002578
RTRREAIV,Q05320,MER0000383
RTRREAIV,Q05320,MER0000377
RTRREAIV,Q05320,MER0002984
RTRREAIV,Q05320,MER0000381
KIRRSSEE,P05305,MER0002984
RTRREAIV,Q05320,MER0002578
RRRRELEP,Q13683,MER0000383
RSARSASS,Q61180,MER0000375
RRRRELEP,Q13683,MER0000375
RRRRELEP,Q13683,MER0000377
RRRRELEP,Q13683,MER0002984
RRRRELEP,Q13683,MER0000381
RRRRELEP,Q13683,MER0002578
VVLLPDVE,P00747,MER0000964
RLSWTAEE,P24295,MER0000964
HSKRHIHK,P11627,MER0002578
FVRRVKRR,Q9Z0F8,MER0000375
SMVPIRVM,Q8BMF8,MER0000375
VPIRVMID,Q8BMF8,MER0000375
RRARSVDG,P09167,MER0000375
RNKRSHNG,Q8BMF8,MER0000375
RRARSVDG,P09167,MER0000383
RRARSVDG,P09167,MER0000377
RRARSVDG,P09167,MER0000381
RRKRYTLT,O54732,MER0000383
RSRRAATS,P13497,MER0000375
RRKRYTLT,O54732,MER0000375
RSRRAATS,P13497,MER0000383
RRKRYAIQ,P50281,MER0000383
RRKRYTLT,O54732,MER0000377
RSRRAATS,P13497,MER0000377
RRKRYAIQ,P50281,MER0000377
RRKRYTLT,O54732,MER0002984
RSRRAATS,P13497,MER0002984
RRKRYAIQ,P50281,MER0002984
RRKRYTLT,O54732,MER0000381
RSRRAATS,P13497,MER0000381
RRKRYAIQ,P50281,MER0000381
RRKRYTLT,O54732,MER0002578
RSRRAATS,P13497,MER0002578
RRKRYAIQ,P50281,MER0002578
EDLYKRYG,P01213,MER0000964
GFLRRIRP,P01213,MER0000964
PKLKWDNQ,P01213,MER0000964
GFLRRIRP,P01213,MER0000964
NPLYKEAT,P05106,MER0000964
PLYKEATS,P05106,MER0000964
LYKEATST,P05106,MER0000964
NPLYKEAT,P05106,MER0000964
RLKRDVVT,O88839,MER0000375
EGKRSYSM,P01193,MER0000377
WHLADSPA,Q64373,MER0000964
RRRRDAGN,P03188,MER0000383
RRRRDAGN,P03188,MER0000375
RRRRDAGN,P03188,MER0000377
RRRRDAGN,P03188,MER0002984
RRRRDAGN,P03188,MER0000381
RRRRDAGN,P03188,MER0002578
RKKRFVSS,Q9UHI8,MER0000383
RKKRFVSS,Q9UHI8,MER0000377
RKKRFVSS,Q9UHI8,MER0002984
RKKRFVSS,Q9UHI8,MER0000381
RKKRFVSS,Q9UHI8,MER0002578
